subspec,year,stratum_type,stratum,mean_access,pct_zero,women
CFP,2013,rurality,Metropolitan,0.04488532397280499,31.83517583122536,132607931
CFP,2013,rurality,Rural,0.01044764349488069,48.758373542587755,24594877
CFP,2014,rurality,Metropolitan,0.04810304842235503,31.44951571111142,133914078
CFP,2014,rurality,Rural,0.010921037923782916,48.23422729633198,24580995
CFP,2015,rurality,Metropolitan,0.05399212265335669,34.30807592993148,135118099
CFP,2015,rurality,Rural,0.0129052925498307,50.83354326419573,24559673
CFP,2016,rurality,Metropolitan,0.05343907979214241,28.569512697623633,136140789
CFP,2016,rurality,Rural,0.013722568594598921,48.058916077703664,24539176
CFP,2017,rurality,Metropolitan,0.04737634344933175,31.872054244190718,137381126
CFP,2017,rurality,Rural,0.012358407712214657,52.36419980270054,24486636
CFP,2018,rurality,Metropolitan,0.049780568378243156,21.98677753228801,138317600
CFP,2018,rurality,Rural,0.013348548893421946,43.30420263652425,24482536
CFP,2019,rurality,Metropolitan,0.05146512694190606,14.927289646728633,139227559
CFP,2019,rurality,Rural,0.014225257080022655,32.872099665842526,24465112
CFP,2020,rurality,Metropolitan,0.04992512850200316,17.037312381045098,137519554
CFP,2020,rurality,Rural,0.01282632099602269,34.48254490448166,27171063
CFP,2021,rurality,Metropolitan,0.056802424191193746,17.11550659114471,138451216
CFP,2021,rurality,Rural,0.01671695571820041,34.30706851408191,26995122
CFP,2022,rurality,Metropolitan,0.05784084456042427,18.230524434693713,137113812
CFP,2022,rurality,Rural,0.014308664479811394,37.03544018657575,26874661
CFP,2023,rurality,Metropolitan,0.06284679559115679,17.974424050000156,137113812
CFP,2023,rurality,Rural,0.014858419677536953,36.925645313256226,26874661
CFP,2013,race,"White, non-Hispanic",0.03434039068443057,35.08597176895382,99706684
CFP,2013,race,Black alone,0.03707036418378684,35.50160820376247,20459783
CFP,2013,race,Hispanic (any race),0.04990369432703573,35.33455597138859,25407901
CFP,2013,race,Asian alone,0.07868918096486302,19.4569728017683,7701861
CFP,2013,race,Am. Indian/Alaska Native,0.029533580368062588,46.40102595596337,1217986
CFP,2013,race,Nat. Hawaiian/Pac. Isl.,0.07539662379529553,24.453598154445423,192029
CFP,2014,race,"White, non-Hispanic",0.037098536151048404,34.582912765408075,99715363
CFP,2014,race,Black alone,0.03969700692913673,35.59301696077416,20651180
CFP,2014,race,Hispanic (any race),0.053040950067321464,35.13810436645001,26099211
CFP,2014,race,Asian alone,0.0800229651755253,18.559457339104085,7952517
CFP,2014,race,Am. Indian/Alaska Native,0.03135926280367151,45.688396370613674,1229960
CFP,2014,race,Nat. Hawaiian/Pac. Isl.,0.08147638257221675,23.791898217360373,193982
CFP,2015,race,"White, non-Hispanic",0.04175119710217195,37.869475161114266,99719288
CFP,2015,race,Black alone,0.043848646681840756,39.44027974537997,20828369
CFP,2015,race,Hispanic (any race),0.05826100909587011,35.789476129321926,26691282
CFP,2015,race,Asian alone,0.09466185128045361,20.277378151358576,8225738
CFP,2015,race,Am. Indian/Alaska Native,0.03438131558612332,46.247397086354056,1236595
CFP,2015,race,Nat. Hawaiian/Pac. Isl.,0.09648182873724959,23.459065323210673,199684
CFP,2016,race,"White, non-Hispanic",0.04230762255967539,31.862929088596225,99730715
CFP,2016,race,Black alone,0.04264454443343168,32.86299305108853,20999548
CFP,2016,race,Hispanic (any race),0.05711669396963064,32.774136817006685,27195508
CFP,2016,race,Asian alone,0.08782119485021601,18.302943494505104,8421181
CFP,2016,race,Am. Indian/Alaska Native,0.03338734745295464,46.482894070248484,1249479
CFP,2016,race,Nat. Hawaiian/Pac. Isl.,0.0906911093041562,23.709426922062573,204754
CFP,2017,race,"White, non-Hispanic",0.037589753457742604,36.11117631299196,99647773
CFP,2017,race,Black alone,0.03694682184591709,34.604837581560346,21188604
CFP,2017,race,Hispanic (any race),0.05160325358215062,35.15089168902518,27845470
CFP,2017,race,Asian alone,0.07475330249629643,20.03225962239425,8717399
CFP,2017,race,Am. Indian/Alaska Native,0.03429337772830184,49.40795960157751,1265792
CFP,2017,race,Nat. Hawaiian/Pac. Isl.,0.08033705835928352,26.917303171351154,211834
CFP,2018,race,"White, non-Hispanic",0.039627339279564536,26.81673927715476,99577442
CFP,2018,race,Black alone,0.040783235534584385,25.961104872369916,21337994
CFP,2018,race,Hispanic (any race),0.05487756498393135,21.997646582183627,28355356
CFP,2018,race,Asian alone,0.07094457855837093,12.21876155052446,8917344
CFP,2018,race,Am. Indian/Alaska Native,0.03980024803048931,43.17029897845563,1298622
CFP,2018,race,Nat. Hawaiian/Pac. Isl.,0.07425577482226257,21.024726843918707,217092
CFP,2019,race,"White, non-Hispanic",0.04176902031888048,18.13562069892273,99516638
CFP,2019,race,Black alone,0.042374771228348485,17.669256008045192,21499547
CFP,2019,race,Hispanic (any race),0.05491732175261664,17.72155664538177,28840480
CFP,2019,race,Asian alone,0.07091431982645297,8.158178835025998,9098967
CFP,2019,race,Am. Indian/Alaska Native,0.040947862616884975,36.072838921362646,1323633
CFP,2019,race,Nat. Hawaiian/Pac. Isl.,0.07219269778562724,17.647111008596447,225442
CFP,2020,race,"White, non-Hispanic",0.03955716895071091,20.464405095219636,99126561
CFP,2020,race,Black alone,0.0388361500613462,22.575185678515716,21476098
CFP,2020,race,Hispanic (any race),0.053548219339082936,18.7066479633637,29297499
CFP,2020,race,Asian alone,0.0702060672924195,9.036605295312803,9337201
CFP,2020,race,Am. Indian/Alaska Native,0.03875319865444645,37.3914297235636,1296971
CFP,2020,race,Nat. Hawaiian/Pac. Isl.,0.06622939448156519,20.14385649437512,228005
CFP,2021,race,"White, non-Hispanic",0.04684661174486945,20.43436848082494,98427906
CFP,2021,race,Black alone,0.044106645706484336,22.24062726805846,21469354
CFP,2021,race,Hispanic (any race),0.05829562145841241,19.006400097024045,29914234
CFP,2021,race,Asian alone,0.07471215412596395,9.338441758654968,9478198
CFP,2021,race,Am. Indian/Alaska Native,0.04497535128326772,36.266471359564676,1302564
CFP,2021,race,Nat. Hawaiian/Pac. Isl.,0.07064720139308624,20.86536154481876,225062
CFP,2022,race,"White, non-Hispanic",0.04603908515915769,22.480488761179153,96520268
CFP,2022,race,Black alone,0.04671163406768057,23.179643037785887,21200059
CFP,2022,race,Hispanic (any race),0.05970640164155857,19.166471989285135,30006910
CFP,2022,race,Asian alone,0.07869507590167078,9.650658829313773,9530769
CFP,2022,race,Am. Indian/Alaska Native,0.0469134557176037,34.80432619419408,1320514
CFP,2022,race,Nat. Hawaiian/Pac. Isl.,0.07111913998520948,20.148731714568015,228734
CFP,2023,race,"White, non-Hispanic",0.04918950706245359,22.322303332187186,96520268
CFP,2023,race,Black alone,0.0510470831648874,23.05475187592638,21200059
CFP,2023,race,Hispanic (any race),0.06537224382567552,18.68181362226234,30006910
CFP,2023,race,Asian alone,0.09002993537167792,9.218993766400171,9530769
CFP,2023,race,Am. Indian/Alaska Native,0.04999652146066038,34.448101269657116,1320514
CFP,2023,race,Nat. Hawaiian/Pac. Isl.,0.08021443218171548,19.88510671784693,228734
FPMRS,2013,rurality,Metropolitan,0.5290113008332019,1.1420304868492368,132607931
FPMRS,2013,rurality,Rural,0.24621795167462707,4.186079076549152,24594877
FPMRS,2014,rurality,Metropolitan,0.5586503080572844,1.1475925630462842,133914078
FPMRS,2014,rurality,Rural,0.2523282422655276,4.300794170455672,24580995
FPMRS,2015,rurality,Metropolitan,0.5743991051165876,1.154643982964858,135118099
FPMRS,2015,rurality,Rural,0.26088169798940136,4.3287832048903905,24559673
FPMRS,2016,rurality,Metropolitan,0.5837179072119827,1.162832250076059,136140789
FPMRS,2016,rurality,Rural,0.26701909957482245,4.494788252058667,24539176
FPMRS,2017,rurality,Metropolitan,0.5279829953727926,1.185523839715799,137381126
FPMRS,2017,rurality,Rural,0.24003357803049166,5.282105716767301,24486636
FPMRS,2018,rurality,Metropolitan,0.5006532337841743,0.7680512096797515,138317600
FPMRS,2018,rurality,Rural,0.2230914427507095,5.235295069105586,24482536
FPMRS,2019,rurality,Metropolitan,0.50493774315116,0.9297419342100223,139227559
FPMRS,2019,rurality,Rural,0.22933338671463566,4.707891793015294,24465112
FPMRS,2020,rurality,Metropolitan,0.522405962806876,0.9329655039457152,137519554
FPMRS,2020,rurality,Rural,0.24260219500992627,4.271179968188952,27171063
FPMRS,2021,rurality,Metropolitan,0.5552594717087177,0.9325645792811239,138451216
FPMRS,2021,rurality,Rural,0.25800182465799,4.134698854111495,26995122
FPMRS,2022,rurality,Metropolitan,0.5868134306732613,1.0382994821849167,137113812
FPMRS,2022,rurality,Rural,0.2710758054636887,4.462839549864461,26874661
FPMRS,2023,rurality,Metropolitan,0.6348534543372147,0.9535829986259882,137113812
FPMRS,2023,rurality,Rural,0.290608012948841,4.201314390533149,26874661
FPMRS,2013,race,"White, non-Hispanic",0.45865692117295087,1.605485144807343,99706684
FPMRS,2013,race,Black alone,0.5374129338984789,0.07548955920011467,20459783
FPMRS,2013,race,Hispanic (any race),0.5125181691566147,3.039058598347026,25407901
FPMRS,2013,race,Asian alone,0.608902747799561,0.35604381850048966,7701861
FPMRS,2013,race,Am. Indian/Alaska Native,0.3641015854756984,7.767987480972688,1217986
FPMRS,2013,race,Nat. Hawaiian/Pac. Isl.,0.5156526669822693,0.8727848397898234,192029
FPMRS,2014,race,"White, non-Hispanic",0.48192356975103506,1.6325177495467775,99715363
FPMRS,2014,race,Black alone,0.5606501408060258,0.08400488495088416,20651180
FPMRS,2014,race,Hispanic (any race),0.5447244657928291,3.0238270421278255,26099211
FPMRS,2014,race,Asian alone,0.6532069159030515,0.35778609464148264,7952517
FPMRS,2014,race,Am. Indian/Alaska Native,0.3897759355158844,7.768464015089922,1229960
FPMRS,2014,race,Nat. Hawaiian/Pac. Isl.,0.558469183596883,0.8279118681114743,193982
FPMRS,2015,race,"White, non-Hispanic",0.49707898814616647,1.6453537052932028,99719288
FPMRS,2015,race,Black alone,0.5779929776499554,0.0939727925888004,20828369
FPMRS,2015,race,Hispanic (any race),0.5545481281550113,3.0077873367041716,26691282
FPMRS,2015,race,Asian alone,0.6701697252526145,0.3600528001256544,8225738
FPMRS,2015,race,Am. Indian/Alaska Native,0.4007615596711177,7.4829673417731755,1236595
FPMRS,2015,race,Nat. Hawaiian/Pac. Isl.,0.5684467381776162,0.8413293002944652,199684
FPMRS,2016,race,"White, non-Hispanic",0.5079557340026705,1.6920514407221487,99730715
FPMRS,2016,race,Black alone,0.595200092325661,0.0979116312408248,20999548
FPMRS,2016,race,Hispanic (any race),0.5525274204739246,2.9938951682755843,27195508
FPMRS,2016,race,Asian alone,0.6708849954445986,0.35899952750095265,8421181
FPMRS,2016,race,Am. Indian/Alaska Native,0.40419959767431185,7.564352822256317,1249479
FPMRS,2016,race,Nat. Hawaiian/Pac. Isl.,0.5615000864703067,0.8527305937857136,204754
FPMRS,2017,race,"White, non-Hispanic",0.4605836325733537,1.8913227493804603,99647773
FPMRS,2017,race,Black alone,0.5339036609075847,0.10595790076590227,21188604
FPMRS,2017,race,Hispanic (any race),0.49820281860004256,2.983849796753296,27845470
FPMRS,2017,race,Asian alone,0.6071122294844052,0.37541014240600895,8717399
FPMRS,2017,race,Am. Indian/Alaska Native,0.36195979128694916,8.362116366670037,1265792
FPMRS,2017,race,Nat. Hawaiian/Pac. Isl.,0.506601041778601,0.9068421499853658,211834
FPMRS,2018,race,"White, non-Hispanic",0.42979709613904027,1.9337753223265166,99577442
FPMRS,2018,race,Black alone,0.49996859402335686,0.09960636412213819,21337994
FPMRS,2018,race,Hispanic (any race),0.49167885963380414,0.7367426457280241,28355356
FPMRS,2018,race,Asian alone,0.5901413769481844,0.3317916186703126,8917344
FPMRS,2018,race,Am. Indian/Alaska Native,0.35838779719055347,8.408990452957058,1298622
FPMRS,2018,race,Nat. Hawaiian/Pac. Isl.,0.5108444941929536,1.004643192747775,217092
FPMRS,2019,race,"White, non-Hispanic",0.43641767011371685,1.4572598403093158,99516638
FPMRS,2019,race,Black alone,0.5092336763609832,0.12713756247980482,21499547
FPMRS,2019,race,Hispanic (any race),0.48729302201034064,2.7908481412237243,28840480
FPMRS,2019,race,Asian alone,0.5905927584705015,0.284098183892743,9098967
FPMRS,2019,race,Am. Indian/Alaska Native,0.352744292323985,7.430836190998562,1323633
FPMRS,2019,race,Nat. Hawaiian/Pac. Isl.,0.4962976192188039,0.7358877227845743,225442
FPMRS,2020,race,"White, non-Hispanic",0.44937605715572904,1.457941227276108,99126561
FPMRS,2020,race,Black alone,0.5226577198470637,0.10946122521884562,21476098
FPMRS,2020,race,Hispanic (any race),0.49882819522694816,2.7325062798022453,29297499
FPMRS,2020,race,Asian alone,0.5969446167739267,0.28689539831047867,9337201
FPMRS,2020,race,Am. Indian/Alaska Native,0.3551746830555759,7.810968788045376,1296971
FPMRS,2020,race,Nat. Hawaiian/Pac. Isl.,0.4910545043091261,0.7438433367689304,228005
FPMRS,2021,race,"White, non-Hispanic",0.4783178603273893,1.4241936631263903,98427906
FPMRS,2021,race,Black alone,0.5618515390032449,0.11563459245210639,21469354
FPMRS,2021,race,Hispanic (any race),0.5279647473820459,2.685788310675112,29914234
FPMRS,2021,race,Asian alone,0.6246983380273298,0.2757486180389985,9478198
FPMRS,2021,race,Am. Indian/Alaska Native,0.38768520188968836,7.533679727061396,1302564
FPMRS,2021,race,Nat. Hawaiian/Pac. Isl.,0.505761131684433,0.7722316517226364,225062
FPMRS,2022,race,"White, non-Hispanic",0.5062480571330756,1.562028402159016,96520268
FPMRS,2022,race,Black alone,0.5966837119897487,0.1662401033883915,21200059
FPMRS,2022,race,Hispanic (any race),0.5484450970565471,2.9597482713148406,30006910
FPMRS,2022,race,Asian alone,0.6622866935741593,0.32623810313732293,9530769
FPMRS,2022,race,Am. Indian/Alaska Native,0.4122206862100052,7.2302149011672725,1320514
FPMRS,2022,race,Nat. Hawaiian/Pac. Isl.,0.5269198948664684,0.9504489931536195,228734
FPMRS,2023,race,"White, non-Hispanic",0.5441868975538743,1.4043869003761988,96520268
FPMRS,2023,race,Black alone,0.6478472202725768,0.13091473000145898,21200059
FPMRS,2023,race,Hispanic (any race),0.6000177122451986,2.9397162186976264,30006910
FPMRS,2023,race,Asian alone,0.7203176412758338,0.2890008141001004,9530769
FPMRS,2023,race,Am. Indian/Alaska Native,0.4423584339490746,6.497848565028466,1320514
FPMRS,2023,race,Nat. Hawaiian/Pac. Isl.,0.5657030376038323,0.8848706357603155,228734
GO,2013,rurality,Metropolitan,0.5705491430063467,1.2412862395085555,132607931
GO,2013,rurality,Rural,0.2420574122888569,5.106169061142285,24594877
GO,2014,rurality,Metropolitan,0.6007629982816206,1.143190486664143,133914078
GO,2014,rurality,Rural,0.25918466095833387,4.525329426249832,24580995
GO,2015,rurality,Metropolitan,0.6228702186995873,1.1449879856583831,135118099
GO,2015,rurality,Rural,0.26733977613026005,4.542088162167306,24559673
GO,2016,rurality,Metropolitan,0.6282992372662085,1.134388166356227,136140789
GO,2016,rurality,Rural,0.2685544235247104,4.473797327180016,24539176
GO,2017,rurality,Metropolitan,0.620408674595062,1.1174700955646555,137381126
GO,2017,rurality,Rural,0.26931984185331176,4.627389405388311,24486636
GO,2018,rurality,Metropolitan,0.6077384249394869,1.1154798810852704,138317600
GO,2018,rurality,Rural,0.25989252619197484,4.461841698098596,24482536
GO,2019,rurality,Metropolitan,0.6011160574469704,1.228553464763395,139227559
GO,2019,rurality,Rural,0.2589225536259951,4.916217019566474,24465112
GO,2020,rurality,Metropolitan,0.596384398609238,0.6345192189904862,137519554
GO,2020,rurality,Rural,0.26251875224366117,4.090101296368125,27171063
GO,2021,rurality,Metropolitan,0.6279785445453271,0.6414215964704854,138451216
GO,2021,rurality,Rural,0.2782511632023729,4.128060617766425,26995122
GO,2022,rurality,Metropolitan,0.6479318675981236,0.706233738144484,137113812
GO,2022,rurality,Rural,0.28344324925314013,4.471516868622082,26874661
GO,2023,rurality,Metropolitan,0.6844582846992207,0.5529756549981996,137113812
GO,2023,rurality,Rural,0.31329548963804815,3.376310495600298,26874661
GO,2013,race,"White, non-Hispanic",0.49020691251973697,1.5093160655107134,99706684
GO,2013,race,Black alone,0.5885960942584152,0.1416241804715133,20459783
GO,2013,race,Hispanic (any race),0.5415526870790053,4.623164266894774,25407901
GO,2013,race,Asian alone,0.6656177904793069,0.36624914420034327,7701861
GO,2013,race,Am. Indian/Alaska Native,0.3578283841782778,11.006448349981033,1217986
GO,2013,race,Nat. Hawaiian/Pac. Isl.,0.5272009126537675,1.1170187836212238,192029
GO,2014,race,"White, non-Hispanic",0.5188866458593273,1.2851189239515681,99715363
GO,2014,race,Black alone,0.6204753964601166,0.13856835299484097,20651180
GO,2014,race,Hispanic (any race),0.5641998835580206,4.4217083803797745,26099211
GO,2014,race,Asian alone,0.6945530155444432,0.33357992192912006,7952517
GO,2014,race,Am. Indian/Alaska Native,0.386779932370674,10.154070051058572,1229960
GO,2014,race,Nat. Hawaiian/Pac. Isl.,0.5586016517133924,1.019166726809704,193982
GO,2015,race,"White, non-Hispanic",0.5359807321092847,1.2807211379206798,99719288
GO,2015,race,Black alone,0.6483167811032263,0.14572912550185757,20828369
GO,2015,race,Hispanic (any race),0.584123298894304,4.377983792610636,26691282
GO,2015,race,Asian alone,0.7307390164459805,0.3365533888874166,8225738
GO,2015,race,Am. Indian/Alaska Native,0.397884771629451,10.41335279537763,1236595
GO,2015,race,Nat. Hawaiian/Pac. Isl.,0.5894534499663184,1.027623645359668,199684
GO,2016,race,"White, non-Hispanic",0.5393325197578761,1.2548872230586134,99730715
GO,2016,race,Black alone,0.6547261209049146,0.14403643354609347,20999548
GO,2016,race,Hispanic (any race),0.5934930573029252,4.334947521480386,27195508
GO,2016,race,Asian alone,0.7349192059752483,0.33554676000907707,8421181
GO,2016,race,Am. Indian/Alaska Native,0.40182312592928005,9.888841669207727,1249479
GO,2016,race,Nat. Hawaiian/Pac. Isl.,0.5973165273532635,1.011946042568155,204754
GO,2017,race,"White, non-Hispanic",0.536342668509213,1.253374724189772,99647773
GO,2017,race,Black alone,0.6424277210922769,0.14907541808794952,21188604
GO,2017,race,Hispanic (any race),0.5828184559008972,4.316705733464007,27845470
GO,2017,race,Asian alone,0.7143668691452675,0.3323009535298316,8717399
GO,2017,race,Am. Indian/Alaska Native,0.40827184746619755,9.838346268581253,1265792
GO,2017,race,Nat. Hawaiian/Pac. Isl.,0.5665821878774895,0.8926801174504565,211834
GO,2018,race,"White, non-Hispanic",0.5215899556410396,1.2260547926105594,99577442
GO,2018,race,Black alone,0.6294768901506878,0.1504686897934267,21337994
GO,2018,race,Hispanic (any race),0.5786982853497169,4.217545355452423,28355356
GO,2018,race,Asian alone,0.7081475897909346,0.32597150003409087,8917344
GO,2018,race,Am. Indian/Alaska Native,0.39427364962890804,9.675024757011663,1298622
GO,2018,race,Nat. Hawaiian/Pac. Isl.,0.5643122015902322,0.7927514602104178,217092
GO,2019,race,"White, non-Hispanic",0.5156501088959023,1.3355193932495992,99516638
GO,2019,race,Black alone,0.6215365343662369,0.21272541230752443,21499547
GO,2019,race,Hispanic (any race),0.5763033482988819,4.649978086356398,28840480
GO,2019,race,Asian alone,0.7000924235468586,0.36673393803934007,9098967
GO,2019,race,Am. Indian/Alaska Native,0.38459895743941264,9.756934135066139,1323633
GO,2019,race,Nat. Hawaiian/Pac. Isl.,0.5644881245230162,0.9261805697252509,225442
GO,2020,race,"White, non-Hispanic",0.5073722233900118,1.2085862637764666,99126561
GO,2020,race,Black alone,0.6136324988125321,0.1498503126592177,21476098
GO,2020,race,Hispanic (any race),0.5640830777044799,1.9285980690706739,29297499
GO,2020,race,Asian alone,0.6867194035682508,0.27095914503714763,9337201
GO,2020,race,Am. Indian/Alaska Native,0.37886391828069693,9.388567670364257,1296971
GO,2020,race,Nat. Hawaiian/Pac. Isl.,0.5529647451810159,0.938137321549966,228005
GO,2021,race,"White, non-Hispanic",0.535580874471523,1.2198410479239494,98427906
GO,2021,race,Black alone,0.6470997983470573,0.1555286665821431,21469354
GO,2021,race,Hispanic (any race),0.5888803248027296,1.9238767738461897,29914234
GO,2021,race,Asian alone,0.7263326847567743,0.2674453519540318,9478198
GO,2021,race,Am. Indian/Alaska Native,0.4163291328829183,9.053681815250537,1302564
GO,2021,race,Nat. Hawaiian/Pac. Isl.,0.590850835349116,0.9926153682096489,225062
GO,2022,race,"White, non-Hispanic",0.551866544748014,1.375520424373459,96520268
GO,2022,race,Black alone,0.6670894172057373,0.1663863293965361,21200059
GO,2022,race,Hispanic (any race),0.6028716733417887,2.0067177860032905,30006910
GO,2022,race,Asian alone,0.750263212422472,0.2946037198047713,9530769
GO,2022,race,Am. Indian/Alaska Native,0.4371951569261817,8.798619325505069,1320514
GO,2022,race,Nat. Hawaiian/Pac. Isl.,0.5985005409708775,1.1961492388538653,228734
GO,2023,race,"White, non-Hispanic",0.5871079713771631,0.9787260433218027,96520268
GO,2023,race,Black alone,0.7087019400925905,0.11302327035976646,21200059
GO,2023,race,Hispanic (any race),0.6346866450889083,1.8719921511411872,30006910
GO,2023,race,Asian alone,0.7836800773855186,0.22266828626315463,9530769
GO,2023,race,Am. Indian/Alaska Native,0.4855982394736542,5.203504090074016,1320514
GO,2023,race,Nat. Hawaiian/Pac. Isl.,0.6282387965666587,0.8087997411840828,228734
MFM,2013,rurality,Metropolitan,1.1188437993762335,0.3758779706773345,132607931
MFM,2013,rurality,Rural,0.45038587980789213,3.3960080385846205,24594877
MFM,2014,rurality,Metropolitan,1.140447258014417,0.3767445570584446,133914078
MFM,2014,rurality,Rural,0.45268620283176697,3.4458450522446302,24580995
MFM,2015,rurality,Metropolitan,1.1462807099667922,0.37912611544364605,135118099
MFM,2015,rurality,Rural,0.45902612280895644,3.5368060478655394,24559673
MFM,2016,rurality,Metropolitan,1.0930868072413629,0.17457369076948717,136140789
MFM,2016,rurality,Rural,0.43344696984280373,3.1009883950463535,24539176
MFM,2017,rurality,Metropolitan,1.0360291336965972,0.17354712902848096,137381126
MFM,2017,rurality,Rural,0.4047797767158507,2.9114615825546637,24486636
MFM,2018,rurality,Metropolitan,0.9409326735725904,0.2593993822911907,138317600
MFM,2018,rurality,Rural,0.3626277334213103,3.136039501790174,24482536
MFM,2019,rurality,Metropolitan,0.8836470311333209,0.17422197282076893,139227559
MFM,2019,rurality,Rural,0.33464535128093076,3.077255481192974,24465112
MFM,2020,rurality,Metropolitan,0.8443384468623676,0.08712070139494489,137519554
MFM,2020,rurality,Rural,0.31330760853930895,2.4872453462715094,27171063
MFM,2021,rurality,Metropolitan,0.8111429445755773,0.08517296084997909,138451216
MFM,2021,rurality,Rural,0.29324875315342136,2.6997692397908035,26995122
MFM,2022,rurality,Metropolitan,0.7923851438638271,0.1808315270236962,137113812
MFM,2022,rurality,Rural,0.27779173332413165,3.1735470077185344,26874661
MFM,2023,rurality,Metropolitan,0.9110864018626639,0.08525253458783569,137113812
MFM,2023,rurality,Rural,0.339449380788378,2.1885299315961606,26874661
MFM,2013,race,"White, non-Hispanic",0.9454467242491613,1.0655684828511596,99706684
MFM,2013,race,Black alone,1.166643258957278,0.047454071238194465,20459783
MFM,2013,race,Hispanic (any race),1.0855854211493021,0.46474519874742903,25407901
MFM,2013,race,Asian alone,1.3178907442636765,0.2283733762528303,7701861
MFM,2013,race,Am. Indian/Alaska Native,0.6959355408328665,8.008959052074491,1217986
MFM,2013,race,Nat. Hawaiian/Pac. Isl.,1.173829024227687,0.8477886152612366,192029
MFM,2014,race,"White, non-Hispanic",0.9619187399611951,1.0745204828668178,99715363
MFM,2014,race,Black alone,1.1893294801531102,0.05138689411452518,20651180
MFM,2014,race,Hispanic (any race),1.1035057649448583,0.4716732624599265,26099211
MFM,2014,race,Asian alone,1.3536335461735,0.22797813572734268,7952517
MFM,2014,race,Am. Indian/Alaska Native,0.7071384898780886,7.9289570392533095,1229960
MFM,2014,race,Nat. Hawaiian/Pac. Isl.,1.1964323593117796,0.7696590405295337,193982
MFM,2015,race,"White, non-Hispanic",0.9654022495302547,1.107159930784905,99719288
MFM,2015,race,Black alone,1.192987123782806,0.05543881040325337,20828369
MFM,2015,race,Hispanic (any race),1.1180715751758765,0.42435578778119387,26691282
MFM,2015,race,Asian alone,1.3665934085647817,0.23391214259437876,8225738
MFM,2015,race,Am. Indian/Alaska Native,0.7062705259672387,7.965259442258783,1236595
MFM,2015,race,Nat. Hawaiian/Pac. Isl.,1.2013767279277767,0.8067747040323712,199684
MFM,2016,race,"White, non-Hispanic",0.921688761052676,0.803988019137334,99730715
MFM,2016,race,Black alone,1.1378647525820158,0.03618173114964189,20999548
MFM,2016,race,Hispanic (any race),1.0556718845560766,0.231784602074725,27195508
MFM,2016,race,Asian alone,1.3095572264295157,0.12951865065006915,8421181
MFM,2016,race,Am. Indian/Alaska Native,0.6666703475136052,7.3795557988569644,1249479
MFM,2016,race,Nat. Hawaiian/Pac. Isl.,1.1689329326122742,0.3794797659630581,204754
MFM,2017,race,"White, non-Hispanic",0.8701578241314987,0.7635775262132551,99647773
MFM,2017,race,Black alone,1.0640870361747545,0.039818574173173464,21188604
MFM,2017,race,Hispanic (any race),1.009934922845908,0.22674424242076002,27845470
MFM,2017,race,Asian alone,1.2625635649975104,0.12578293135372146,8717399
MFM,2017,race,Am. Indian/Alaska Native,0.6511086491731446,6.702681009202144,1265792
MFM,2017,race,Nat. Hawaiian/Pac. Isl.,1.133436339243986,0.3342239678238621,211834
MFM,2018,race,"White, non-Hispanic",0.7860980826792068,0.9157636324901778,99577442
MFM,2018,race,Black alone,0.9403628910420804,0.06879278342659577,21337994
MFM,2018,race,Hispanic (any race),0.9350873926720289,0.24500485904673527,28355356
MFM,2018,race,Asian alone,1.1768133625129236,0.16399501914471395,8917344
MFM,2018,race,Am. Indian/Alaska Native,0.6135047839873241,6.9608400288921635,1298622
MFM,2018,race,Nat. Hawaiian/Pac. Isl.,1.0957461540521523,0.3086249147826728,217092
MFM,2019,race,"White, non-Hispanic",0.7364408448597054,0.799424112378073,99516638
MFM,2019,race,Black alone,0.8640118573948923,0.048596372751481695,21499547
MFM,2019,race,Hispanic (any race),0.8838698117351095,0.2313727094694679,28840480
MFM,2019,race,Asian alone,1.1323567980844023,0.13326787535332307,9098967
MFM,2019,race,Am. Indian/Alaska Native,0.5782544171276902,6.621019572645892,1323633
MFM,2019,race,Nat. Hawaiian/Pac. Isl.,1.0560884596217381,0.4826074999334641,225442
MFM,2020,race,"White, non-Hispanic",0.6909878008817174,0.6135913461176162,99126561
MFM,2020,race,Black alone,0.8026068058033038,0.03915050117577225,21476098
MFM,2020,race,Hispanic (any race),0.846361565051922,0.2144415125673355,29297499
MFM,2020,race,Asian alone,1.0890674274727536,0.09800581566146,9337201
MFM,2020,race,Am. Indian/Alaska Native,0.5428842372433592,6.492820579642876,1296971
MFM,2020,race,Nat. Hawaiian/Pac. Isl.,1.0224273276534654,0.4412183943334576,228005
MFM,2021,race,"White, non-Hispanic",0.6602053993476847,0.6572770124765226,98427906
MFM,2021,race,Black alone,0.751422064045745,0.04307535289603963,21469354
MFM,2021,race,Hispanic (any race),0.8269562245737577,0.22318472202898462,29914234
MFM,2021,race,Asian alone,1.0580090174327483,0.10780530223150012,9478198
MFM,2021,race,Am. Indian/Alaska Native,0.5538765494917747,6.506474921769678,1302564
MFM,2021,race,Nat. Hawaiian/Pac. Isl.,1.001753755299117,0.49230878602340683,225062
MFM,2022,race,"White, non-Hispanic",0.6408050708816684,0.8051573168031403,96520268
MFM,2022,race,Black alone,0.7247401142618922,0.1161270353068357,21200059
MFM,2022,race,Hispanic (any race),0.8066244622349302,0.5333938082928232,30006910
MFM,2022,race,Asian alone,1.0497237373805597,0.17596691305811735,9530769
MFM,2022,race,Am. Indian/Alaska Native,0.5595442162016933,6.4744485859294185,1320514
MFM,2022,race,Nat. Hawaiian/Pac. Isl.,0.9924429194287138,0.5696573312231675,228734
MFM,2023,race,"White, non-Hispanic",0.7407889092705109,0.5367339013190473,96520268
MFM,2023,race,Black alone,0.8444160803465705,0.03759895196518085,21200059
MFM,2023,race,Hispanic (any race),0.9265240085692975,0.24377718332210815,30006910
MFM,2023,race,Asian alone,1.2024720128416737,0.07958434413844255,9530769
MFM,2023,race,Am. Indian/Alaska Native,0.634097233978731,5.6018338313717235,1320514
MFM,2023,race,Nat. Hawaiian/Pac. Isl.,1.1116369662880623,0.26668532006610296,228734
MIGS,2013,rurality,Metropolitan,0.18985530243614696,1.6767300290659086,132607931
MIGS,2013,rurality,Rural,0.09213759437290102,5.933138027077753,24594877
MIGS,2014,rurality,Metropolitan,0.20735033467904124,1.5806538278970192,133914078
MIGS,2014,rurality,Rural,0.10083417050086432,6.065612885076459,24580995
MIGS,2015,rurality,Metropolitan,0.2194983786323191,1.4778419876969997,135118099
MIGS,2015,rurality,Rural,0.10551303220135427,5.736297873347093,24559673
MIGS,2016,rurality,Metropolitan,0.23879710684214162,1.4349108847900094,136140789
MIGS,2016,rurality,Rural,0.11590906868394511,5.130767227065816,24539176
MIGS,2017,rurality,Metropolitan,0.22434584095589669,0.9155617198828316,137381126
MIGS,2017,rurality,Rural,0.10340669821502758,6.675171714072933,24486636
MIGS,2018,rurality,Metropolitan,0.2300834098568736,1.6719173843386523,138317600
MIGS,2018,rurality,Rural,0.10324045589296256,7.952734144861464,24482536
MIGS,2019,rurality,Metropolitan,0.23863510005130595,1.5690808742829427,139227559
MIGS,2019,rurality,Rural,0.10749688597245499,7.563901608134882,24465112
MIGS,2020,rurality,Metropolitan,0.2489446388434601,1.5258826392063487,137519554
MIGS,2020,rurality,Rural,0.11165344857013142,7.0571769680118885,27171063
MIGS,2021,rurality,Metropolitan,0.27947905245098387,0.7891465539746505,138451216
MIGS,2021,rurality,Rural,0.1290187499473207,5.110389943783177,26995122
MIGS,2022,rurality,Metropolitan,0.28717064808327714,0.745572590455001,137113812
MIGS,2022,rurality,Rural,0.13416677967927643,4.679936241800408,26874661
MIGS,2023,rurality,Metropolitan,0.3028000901492961,0.699995125217582,137113812
MIGS,2023,rurality,Rural,0.1438858097210301,4.670537053472041,26874661
MIGS,2013,race,"White, non-Hispanic",0.16004834283586705,2.563369773685383,99706684
MIGS,2013,race,Black alone,0.18061613465863588,1.0234566026433418,20459783
MIGS,2013,race,Hispanic (any race),0.20772550804383555,2.2511619515519996,25407901
MIGS,2013,race,Asian alone,0.2419169021630987,1.7161047180674904,7701861
MIGS,2013,race,Am. Indian/Alaska Native,0.144282254991557,9.992643593604523,1217986
MIGS,2013,race,Nat. Hawaiian/Pac. Isl.,0.20655737002996744,5.262746772622886,192029
MIGS,2014,race,"White, non-Hispanic",0.17589571326178824,2.4714677115501247,99715363
MIGS,2014,race,Black alone,0.19871455509644056,1.0860202661542826,20651180
MIGS,2014,race,Hispanic (any race),0.22146550411135377,2.1989400369229553,26099211
MIGS,2014,race,Asian alone,0.26239069353860733,1.6777455489878235,7952517
MIGS,2014,race,Am. Indian/Alaska Native,0.15542827790077082,9.810969462421543,1229960
MIGS,2014,race,Nat. Hawaiian/Pac. Isl.,0.2242585733670445,5.357198090544483,193982
MIGS,2015,race,"White, non-Hispanic",0.18677213195412493,2.241626514621725,99719288
MIGS,2015,race,Black alone,0.2166500080015243,1.0887122270591614,20828369
MIGS,2015,race,Hispanic (any race),0.22561423431021016,2.276675957340678,26691282
MIGS,2015,race,Asian alone,0.27694131211962597,1.6295923842942723,8225738
MIGS,2015,race,Am. Indian/Alaska Native,0.16106076478863812,9.308544834808487,1236595
MIGS,2015,race,Nat. Hawaiian/Pac. Isl.,0.24298472109501765,5.2332685643316434,199684
MIGS,2016,race,"White, non-Hispanic",0.20414268183021084,2.112266015539947,99730715
MIGS,2016,race,Black alone,0.2358184206225413,0.9746209775562789,20999548
MIGS,2016,race,Hispanic (any race),0.24447436345631582,2.0698822761464872,27195508
MIGS,2016,race,Asian alone,0.2977889406562055,1.637775034166823,8421181
MIGS,2016,race,Am. Indian/Alaska Native,0.16656643665651635,9.127644402186831,1249479
MIGS,2016,race,Nat. Hawaiian/Pac. Isl.,0.25013175077606115,5.132500463971399,204754
MIGS,2017,race,"White, non-Hispanic",0.18965616323262155,2.001861095280072,99647773
MIGS,2017,race,Black alone,0.21549842756081236,0.6408208865482596,21188604
MIGS,2017,race,Hispanic (any race),0.23283999938401287,1.8355517073333654,27845470
MIGS,2017,race,Asian alone,0.29076667133602696,0.48789782365129786,8717399
MIGS,2017,race,Am. Indian/Alaska Native,0.15512434169775768,10.815205025786227,1265792
MIGS,2017,race,Nat. Hawaiian/Pac. Isl.,0.25535803272902113,1.3925998659327588,211834
MIGS,2018,race,"White, non-Hispanic",0.1934431425991384,3.0342775826677695,99577442
MIGS,2018,race,Black alone,0.22156069429628603,0.9479569635271243,21337994
MIGS,2018,race,Hispanic (any race),0.23951734899562402,2.2530840381619615,28355356
MIGS,2018,race,Asian alone,0.29747959325372064,0.856331212522473,8917344
MIGS,2018,race,Am. Indian/Alaska Native,0.16426905632848965,14.520468619813926,1298622
MIGS,2018,race,Nat. Hawaiian/Pac. Isl.,0.25454036813823977,2.33633666832495,217092
MIGS,2019,race,"White, non-Hispanic",0.20098040920558133,2.82462215011725,99516638
MIGS,2019,race,Black alone,0.232909840548353,0.9320428937409704,21499547
MIGS,2019,race,Hispanic (any race),0.2453844391461676,2.207005569948905,28840480
MIGS,2019,race,Asian alone,0.30688361733266334,0.8155651075556158,9098967
MIGS,2019,race,Am. Indian/Alaska Native,0.17406700367997424,13.746181909940294,1323633
MIGS,2019,race,Nat. Hawaiian/Pac. Isl.,0.25422445239640423,2.5931281660027854,225442
MIGS,2020,race,"White, non-Hispanic",0.20728252645196737,2.7826981710784864,99126561
MIGS,2020,race,Black alone,0.23994849562749754,0.9338381674361889,21476098
MIGS,2020,race,Hispanic (any race),0.25414710108451616,2.214813626241612,29297499
MIGS,2020,race,Asian alone,0.3151518645822101,0.8101357141181816,9337201
MIGS,2020,race,Am. Indian/Alaska Native,0.1795014363633132,14.447046233107757,1296971
MIGS,2020,race,Nat. Hawaiian/Pac. Isl.,0.2662018300490753,2.6946777482949935,228005
MIGS,2021,race,"White, non-Hispanic",0.2346689238584871,1.8502486479799745,98427906
MIGS,2021,race,Black alone,0.27267719892455167,0.5047194247204644,21469354
MIGS,2021,race,Hispanic (any race),0.28152239780853267,1.0433528065602482,29914234
MIGS,2021,race,Asian alone,0.34719155306208527,0.43747767244364383,9478198
MIGS,2021,race,Am. Indian/Alaska Native,0.20862507349820691,8.218636473908383,1302564
MIGS,2021,race,Nat. Hawaiian/Pac. Isl.,0.291748099954722,1.4773706800792672,225062
MIGS,2022,race,"White, non-Hispanic",0.242100666205603,1.702653788735854,96520268
MIGS,2022,race,Black alone,0.2774727120490483,0.5316683316777562,21200059
MIGS,2022,race,Hispanic (any race),0.28732662549680116,1.030346010302294,30006910
MIGS,2022,race,Asian alone,0.35528871567798254,0.4171436743456903,9530769
MIGS,2022,race,Am. Indian/Alaska Native,0.22289883685095896,7.046271376145956,1320514
MIGS,2022,race,Nat. Hawaiian/Pac. Isl.,0.31139006213856973,1.346105082759887,228734
MIGS,2023,race,"White, non-Hispanic",0.254745545699346,1.6557082083526746,96520268
MIGS,2023,race,Black alone,0.2976316241092195,0.48628638250487893,21200059
MIGS,2023,race,Hispanic (any race),0.30492194743291545,1.015159508259931,30006910
MIGS,2023,race,Asian alone,0.3705599040058874,0.3971243034009113,9530769
MIGS,2023,race,Am. Indian/Alaska Native,0.23673292348764086,7.0300655653783295,1320514
MIGS,2023,race,Nat. Hawaiian/Pac. Isl.,0.3206216747443815,1.279215158218717,228734
PAG,2013,rurality,Metropolitan,0.07351021075614364,5.428688122733775,132607931
PAG,2013,rurality,Rural,0.03128913745539764,18.839821805166988,24594877
PAG,2014,rurality,Metropolitan,0.07755135957250717,5.45035078388099,133914078
PAG,2014,rurality,Rural,0.03388406328681829,18.679223522074675,24580995
PAG,2015,rurality,Metropolitan,0.08291637384537606,5.678993455939607,135118099
PAG,2015,rurality,Rural,0.03727290995468317,19.256652969280168,24559673
PAG,2016,rurality,Metropolitan,0.0883882351152907,4.057379159158538,136140789
PAG,2016,rurality,Rural,0.04432476893456734,12.971429847522181,24539176
PAG,2017,rurality,Metropolitan,0.083434936895289,3.8530037961692063,137381126
PAG,2017,rurality,Rural,0.04314778218888203,12.40888703536084,24486636
PAG,2018,rurality,Metropolitan,0.07965003936925208,6.621723482767197,138317600
PAG,2018,rurality,Rural,0.04093696357859658,15.920054196999853,24482536
PAG,2019,rurality,Metropolitan,0.07600266220056669,7.642873348084771,139227559
PAG,2019,rurality,Rural,0.03830810345544803,18.983522331718735,24465112
PAG,2020,rurality,Metropolitan,0.07441091224518158,6.512137902948696,137519554
PAG,2020,rurality,Rural,0.039950093957510015,18.150519175491954,27171063
PAG,2021,rurality,Metropolitan,0.07824298738315497,4.969340969890795,138451216
PAG,2021,rurality,Rural,0.03655684948909303,17.450204522135518,26995122
PAG,2022,rurality,Metropolitan,0.07269293620608033,7.064770396727063,137113812
PAG,2022,rurality,Rural,0.0353988186914785,21.16645862063153,26874661
PAG,2023,rurality,Metropolitan,0.08271589832944769,6.830350541198578,137113812
PAG,2023,rurality,Rural,0.04017695203170634,20.775726250091118,26874661
PAG,2013,race,"White, non-Hispanic",0.06441523859052362,8.061852703876903,99706684
PAG,2013,race,Black alone,0.08186410484412673,4.497603909093269,20459783
PAG,2013,race,Hispanic (any race),0.06518908338560829,8.20408580779656,25407901
PAG,2013,race,Asian alone,0.07147970409067701,3.2244155016560283,7701861
PAG,2013,race,Am. Indian/Alaska Native,0.04186434573074264,23.368248896128527,1217986
PAG,2013,race,Nat. Hawaiian/Pac. Isl.,0.05306574722310524,9.371501179509345,192029
PAG,2014,race,"White, non-Hispanic",0.06843850766616157,8.040929460388165,99715363
PAG,2014,race,Black alone,0.08605328184955902,4.511819663573704,20651180
PAG,2014,race,Hispanic (any race),0.06819262395928453,8.181308622701277,26099211
PAG,2014,race,Asian alone,0.07542655551970949,3.2224766070918176,7952517
PAG,2014,race,Am. Indian/Alaska Native,0.04320512253599659,23.38929721291749,1229960
PAG,2014,race,Nat. Hawaiian/Pac. Isl.,0.05400454673024409,9.623057809487479,193982
PAG,2015,race,"White, non-Hispanic",0.07445508041100683,8.2036085135305,99719288
PAG,2015,race,Black alone,0.09282755305910703,4.622253427524738,20828369
PAG,2015,race,Hispanic (any race),0.06834047777751565,9.062577061678791,26691282
PAG,2015,race,Asian alone,0.081001127452446,3.274295874728809,8225738
PAG,2015,race,Am. Indian/Alaska Native,0.04496164978421131,23.750621666754274,1236595
PAG,2015,race,Nat. Hawaiian/Pac. Isl.,0.058857745086243106,10.129504617295327,199684
PAG,2016,race,"White, non-Hispanic",0.08010796342470995,5.477681574828778,99730715
PAG,2016,race,Black alone,0.10382705370736636,1.7099177563250407,20999548
PAG,2016,race,Hispanic (any race),0.07273950251078586,7.897414528899405,27195508
PAG,2016,race,Asian alone,0.08154969250021973,2.666407478950993,8421181
PAG,2016,race,Am. Indian/Alaska Native,0.044160700032954144,24.579924912703614,1249479
PAG,2016,race,Nat. Hawaiian/Pac. Isl.,0.05586483037298057,7.469451146253553,204754
PAG,2017,race,"White, non-Hispanic",0.07653755274206427,4.9394159566416,99647773
PAG,2017,race,Black alone,0.09751565367024773,1.5595930718229478,21188604
PAG,2017,race,Hispanic (any race),0.06644195809070054,8.88588341299321,27845470
PAG,2017,race,Asian alone,0.07822886001030661,2.4175100852903486,8717399
PAG,2017,race,Am. Indian/Alaska Native,0.04455242467010797,19.51552861765598,1265792
PAG,2017,race,Nat. Hawaiian/Pac. Isl.,0.055913590844986816,6.98329824296383,211834
PAG,2018,race,"White, non-Hispanic",0.07285130768753952,8.40950503629125,99577442
PAG,2018,race,Black alone,0.09546968592350902,2.7966265244989756,21337994
PAG,2018,race,Hispanic (any race),0.06216163686639526,10.927917815597166,28355356
PAG,2018,race,Asian alone,0.07610906351753156,3.8756383066527436,8917344
PAG,2018,race,Am. Indian/Alaska Native,0.04061965553036125,27.06461156518217,1298622
PAG,2018,race,Nat. Hawaiian/Pac. Isl.,0.052813533838997194,13.844821550310469,217092
PAG,2019,race,"White, non-Hispanic",0.06888786157567756,9.956611476364383,99516638
PAG,2019,race,Black alone,0.09163017298660614,2.98346286086865,21499547
PAG,2019,race,Hispanic (any race),0.06046421352408578,12.567717319545304,28840480
PAG,2019,race,Asian alone,0.07310593013270451,4.244141120634903,9098967
PAG,2019,race,Am. Indian/Alaska Native,0.040792048491142346,29.08306154349431,1323633
PAG,2019,race,Nat. Hawaiian/Pac. Isl.,0.05215932660550178,15.509975958339616,225442
PAG,2020,race,"White, non-Hispanic",0.06778482704842294,8.649117767739364,99126561
PAG,2020,race,Black alone,0.09051152759675647,2.167367647512132,21476098
PAG,2020,race,Hispanic (any race),0.05717578556160294,12.561065366023222,29297499
PAG,2020,race,Asian alone,0.07061081994503367,3.7405320930758585,9337201
PAG,2020,race,Am. Indian/Alaska Native,0.03569806394237961,35.13070068644557,1296971
PAG,2020,race,Nat. Hawaiian/Pac. Isl.,0.04718008324899981,16.17596105348567,228005
PAG,2021,race,"White, non-Hispanic",0.0692944804301389,7.158717772579659,98427906
PAG,2021,race,Black alone,0.09297962981625019,2.100910907705933,21469354
PAG,2021,race,Hispanic (any race),0.06379276446538418,10.12851607699532,29914234
PAG,2021,race,Asian alone,0.07452569280410265,3.1347941876715386,9478198
PAG,2021,race,Am. Indian/Alaska Native,0.03707837203246276,32.78057738429743,1302564
PAG,2021,race,Nat. Hawaiian/Pac. Isl.,0.05453324350396036,9.161475504527642,225062
PAG,2022,race,"White, non-Hispanic",0.06498373261748273,10.368874027577297,96520268
PAG,2022,race,Black alone,0.08770665846358539,3.0659961842559023,21200059
PAG,2022,race,Hispanic (any race),0.05790600074386223,11.09487114801224,30006910
PAG,2022,race,Asian alone,0.06789304062294871,5.0709864020416395,9530769
PAG,2022,race,Am. Indian/Alaska Native,0.037176802281656485,28.62453559750218,1320514
PAG,2022,race,Nat. Hawaiian/Pac. Isl.,0.04479429584168816,11.175426477917581,228734
PAG,2023,race,"White, non-Hispanic",0.07369207989359622,10.03115117749155,96520268
PAG,2023,race,Black alone,0.10067985509033121,2.9929916704477098,21200059
PAG,2023,race,Hispanic (any race),0.06568086810022751,10.90124241383068,30006910
PAG,2023,race,Asian alone,0.07780042092087822,4.959862105565668,9530769
PAG,2023,race,Am. Indian/Alaska Native,0.04368441466029877,28.305114523587026,1320514
PAG,2023,race,Nat. Hawaiian/Pac. Isl.,0.05329594034558974,10.928851854118758,228734
REI,2013,rurality,Metropolitan,0.5903954805723995,0.7102101608085567,132607931
REI,2013,rurality,Rural,0.22885771406299626,4.410963307521318,24594877
REI,2014,rurality,Metropolitan,0.6016339472332187,0.7131781917656186,133914078
REI,2014,rurality,Rural,0.2340971604463284,4.450145325687589,24580995
REI,2015,rurality,Metropolitan,0.6117797493433149,0.824070208388589,135118099
REI,2015,rurality,Rural,0.23060622062595892,4.969044172534383,24559673
REI,2016,rurality,Metropolitan,0.6180241096523353,0.824862268133322,136140789
REI,2016,rurality,Rural,0.22766399428344644,5.015808191766504,24539176
REI,2017,rurality,Metropolitan,0.6085149051090755,0.8269432876827637,137381126
REI,2017,rurality,Rural,0.2215937787555791,5.031066741875038,24486636
REI,2018,rurality,Metropolitan,0.6001284487483562,0.8295668808597025,138317600
REI,2018,rurality,Rural,0.21711240197785833,5.0237320186111445,24482536
REI,2019,rurality,Metropolitan,0.5867713043933788,0.8302630659494649,139227559
REI,2019,rurality,Rural,0.21364400247860502,4.849023376635268,24465112
REI,2020,rurality,Metropolitan,0.5760678359687572,0.802900364263834,137519554
REI,2020,rurality,Rural,0.21029197494183835,4.674859426736451,27171063
REI,2021,rurality,Metropolitan,0.565923515472928,0.791283046585882,138451216
REI,2021,rurality,Rural,0.21045684950486282,4.545387866741258,26995122
REI,2022,rurality,Metropolitan,0.5548981368051877,0.8028235696634267,137113812
REI,2022,rurality,Rural,0.19891913991847274,4.785626877302749,26874661
REI,2023,rurality,Metropolitan,0.6580771401684237,0.3268817294642789,137113812
REI,2023,rurality,Rural,0.23150627465082588,4.3715118862336535,26874661
REI,2013,race,"White, non-Hispanic",0.49240171758952644,1.1250890662455488,99706684
REI,2013,race,Black alone,0.6142565829608831,0.05237592207111874,20459783
REI,2013,race,Hispanic (any race),0.5825861992197805,2.8803796110509086,25407901
REI,2013,race,Asian alone,0.7489066321417441,0.2302170864937708,7701861
REI,2013,race,Am. Indian/Alaska Native,0.29660044805256397,9.88500688842072,1217986
REI,2013,race,Nat. Hawaiian/Pac. Isl.,0.526053395238829,0.6780225903379177,192029
REI,2014,race,"White, non-Hispanic",0.5022063909166187,1.1287057140833956,99715363
REI,2014,race,Black alone,0.6252776132476523,0.05763351053063311,20651180
REI,2014,race,Hispanic (any race),0.5919789975064714,2.8581362095582126,26099211
REI,2014,race,Asian alone,0.7622877442629257,0.22529973843501372,7952517
REI,2014,race,Am. Indian/Alaska Native,0.30767412269169314,10.024147126735828,1229960
REI,2014,race,Nat. Hawaiian/Pac. Isl.,0.5394456670794016,0.5897454402985844,193982
REI,2015,race,"White, non-Hispanic",0.5068517888570513,1.3467474817910854,99719288
REI,2015,race,Black alone,0.6356703361783234,0.07036076612623869,20828369
REI,2015,race,Hispanic (any race),0.6088858401805476,2.942368972760469,26691282
REI,2015,race,Asian alone,0.7765989110815192,0.27935487369036066,8225738
REI,2015,race,Am. Indian/Alaska Native,0.31008488436805964,10.60791932686126,1236595
REI,2015,race,Nat. Hawaiian/Pac. Isl.,0.5568860995407163,0.9014242503154986,199684
REI,2016,race,"White, non-Hispanic",0.5069989627251913,1.3497286167054954,99730715
REI,2016,race,Black alone,0.6466328925260518,0.06872528875383413,20999548
REI,2016,race,Hispanic (any race),0.6234193778000848,2.9450084183020224,27195508
REI,2016,race,Asian alone,0.7889359025527208,0.2774432707241419,8421181
REI,2016,race,Am. Indian/Alaska Native,0.32008160424442567,10.624588328415284,1249479
REI,2016,race,Nat. Hawaiian/Pac. Isl.,0.5587912261096402,0.8678707131484611,204754
REI,2017,race,"White, non-Hispanic",0.4987948987981253,1.3521135088488128,99647773
REI,2017,race,Black alone,0.6356577759854735,0.0699715752864134,21188604
REI,2017,race,Hispanic (any race),0.6134704795725545,2.9057006399963803,27845470
REI,2017,race,Asian alone,0.7750364734082126,0.2746805555189111,8717399
REI,2017,race,Am. Indian/Alaska Native,0.31473675662948186,10.619754272423904,1265792
REI,2017,race,Nat. Hawaiian/Pac. Isl.,0.5404646711171354,0.8416968003247826,211834
REI,2018,race,"White, non-Hispanic",0.4896324558889409,1.3489691771756902,99577442
REI,2018,race,Black alone,0.6241171819600536,0.06876466456968729,21337994
REI,2018,race,Hispanic (any race),0.6076537086494672,2.8927586026428305,28355356
REI,2018,race,Asian alone,0.7778375895653009,0.2766294537925194,8917344
REI,2018,race,Am. Indian/Alaska Native,0.31342751420253956,10.554803476300263,1298622
REI,2018,race,Nat. Hawaiian/Pac. Isl.,0.5509715920539268,0.8507913695576069,217092
REI,2019,race,"White, non-Hispanic",0.4775746585373712,1.3127553605659388,99516638
REI,2019,race,Black alone,0.6045157024886857,0.0705224161234653,21499547
REI,2019,race,Hispanic (any race),0.59898119711337,2.8483021087027676,28840480
REI,2019,race,Asian alone,0.7703279582620537,0.277646902115372,9098967
REI,2019,race,Am. Indian/Alaska Native,0.3174822363700903,10.239318602664031,1323633
REI,2019,race,Nat. Hawaiian/Pac. Isl.,0.547991603854188,0.871621082140861,225442
REI,2020,race,"White, non-Hispanic",0.46151205594534594,1.3343890745892013,99126561
REI,2020,race,Black alone,0.587627701536512,0.07244798380040918,21476098
REI,2020,race,Hispanic (any race),0.5812527076326848,2.831067593858438,29297499
REI,2020,race,Asian alone,0.757956740898898,0.27139824878997465,9337201
REI,2020,race,Am. Indian/Alaska Native,0.32167336579048406,10.457905381076369,1296971
REI,2020,race,Nat. Hawaiian/Pac. Isl.,0.5295667003183284,0.9368215609306815,228005
REI,2021,race,"White, non-Hispanic",0.4546656615638683,1.2893406469502664,98427906
REI,2021,race,Black alone,0.5785425132932535,0.07297378393406713,21469354
REI,2021,race,Hispanic (any race),0.5696422664643329,2.7761834048633838,29914234
REI,2021,race,Asian alone,0.7407341298213201,0.2619590770313091,9478198
REI,2021,race,Am. Indian/Alaska Native,0.33770337608681317,9.953292122306467,1302564
REI,2021,race,Nat. Hawaiian/Pac. Isl.,0.5232765587292749,0.9033066443913234,225062
REI,2022,race,"White, non-Hispanic",0.4391341532592625,1.361116195823244,96520268
REI,2022,race,Black alone,0.5639767063309453,0.08015543730326412,21200059
REI,2022,race,Hispanic (any race),0.5657221150151518,2.7950328774272326,30006910
REI,2022,race,Asian alone,0.7424663400236736,0.2687925811652764,9530769
REI,2022,race,Am. Indian/Alaska Native,0.34676055836064157,9.778767964595604,1320514
REI,2022,race,Nat. Hawaiian/Pac. Isl.,0.511248271242946,0.9259664063934527,228734
REI,2023,race,"White, non-Hispanic",0.5170691609443275,1.231741296035357,96520268
REI,2023,race,Black alone,0.6765246514496377,0.06051869949984573,21200059
REI,2023,race,Hispanic (any race),0.6703725325485881,0.7251529730985297,30006910
REI,2023,race,Asian alone,0.8867821377193855,0.20319451662295035,9530769
REI,2023,race,Am. Indian/Alaska Native,0.418502780375065,9.43685564863379,1320514
REI,2023,race,Nat. Hawaiian/Pac. Isl.,0.6174437886341386,0.8249757360077645,228734
