subspec,group_key,group,cell_zero_pct,res,tract_zero_pct,diff_pp
GO,total_f,Total,1.914110594283533,1000,NA,NA
GO,metro_f,Metropolitan,0.871371372080315,1000,0.6345192189904862,0.23685215308982877
GO,rural_f,Rural,7.191674919819618,1000,4.090101296368125,3.1015736234514923
GO,white_nh,"White, non-Hispanic",2.047985060845737,1000,1.2085862637764666,0.8393987970692705
GO,black,Black alone,0.40121995314041836,1000,0.1498503126592177,0.2513696404812007
GO,hispanic,Hispanic (any race),2.495287846662713,1000,1.928598069070674,0.566689777592039
GO,asian,Asian alone,0.4038691731674499,1000,0.27095914503714763,0.13291002813030228
GO,aian,Am. Indian/Alaska Native,15.591277828249794,1000,9.388567670364257,6.202710157885537
GO,nhpi,Nat. Hawaiian/Pac. Isl.,1.4036762510174279,1000,0.938137321549966,0.4655389294674619
MFM,total_f,Total,1.0323968237786612,1000,NA,NA
MFM,metro_f,Metropolitan,0.2529849525700682,1000,0.08712070139494489,0.16586425117512332
MFM,rural_f,Rural,4.977195483695321,1000,2.4872453462715094,2.4899501374238118
MFM,white_nh,"White, non-Hispanic",1.28920070299327,1000,0.6135913461176162,0.6756093568756537
MFM,black,Black alone,0.18601322347342597,1000,0.03915050117577225,0.14686272229765374
MFM,hispanic,Hispanic (any race),0.5842838018971201,1000,0.2144415125673355,0.36984228932978463
MFM,asian,Asian alone,0.20156210624817103,1000,0.09800581566146,0.10355629058671104
MFM,aian,Am. Indian/Alaska Native,11.588986435067266,1000,6.492820579642876,5.09616585542439
MFM,nhpi,Nat. Hawaiian/Pac. Isl.,0.8429282816718652,1000,0.4412183943334576,0.40170988733840757
REI,total_f,Total,2.2486292941358963,1000,NA,NA
REI,metro_f,Metropolitan,1.0817075076548859,1000,0.802900364263834,0.27880714339105184
REI,rural_f,Rural,8.154712675185499,1000,4.674859426736451,3.4798532484490474
REI,white_nh,"White, non-Hispanic",2.3634197173781235,1000,1.3343890745892013,1.0290306427889222
REI,black,Black alone,0.2464708359559331,1000,0.07244798380040918,0.17402285215552393
REI,hispanic,Hispanic (any race),3.358248103070835,1000,2.831067593858438,0.5271805092123971
REI,asian,Asian alone,0.4091499091054437,1000,0.27139824878997465,0.13775166031546904
REI,aian,Am. Indian/Alaska Native,16.17283086451012,1000,10.457905381076367,5.714925483433754
REI,nhpi,Nat. Hawaiian/Pac. Isl.,1.5468502048160413,1000,0.9368215609306816,0.6100286438853597
FPMRS,total_f,Total,2.1464785770613743,1000,NA,NA
FPMRS,metro_f,Metropolitan,1.1465718350827785,1000,0.9329655039457152,0.2136063311370633
FPMRS,rural_f,Rural,7.207256994103415,1000,4.271179968188952,2.9360770259144626
FPMRS,white_nh,"White, non-Hispanic",2.2909035767379438,1000,1.457941227276108,0.8329623494618357
FPMRS,black,Black alone,0.261664711850522,1000,0.10946122521884562,0.15220348663167638
FPMRS,hispanic,Hispanic (any race),3.172988705033043,1000,2.7325062798022453,0.44048242523079795
FPMRS,asian,Asian alone,0.4107255637022323,1000,0.28689539831047867,0.12383016539175362
FPMRS,aian,Am. Indian/Alaska Native,13.027358310066116,1000,7.810968788045376,5.21638952202074
FPMRS,nhpi,Nat. Hawaiian/Pac. Isl.,1.1233868685867021,1000,0.7438433367689304,0.3795435318177717
MIGS,total_f,Total,3.3116486361110287,1000,NA,NA
MIGS,metro_f,Metropolitan,1.8701720512437794,1000,1.5258826392063487,0.3442894120374307
MIGS,rural_f,Rural,10.60732260559788,1000,7.0571769680118885,3.5501456375859908
MIGS,white_nh,"White, non-Hispanic",3.838244491114066,1000,2.7826981710784864,1.0555463200355795
MIGS,black,Black alone,1.3097814571842354,1000,0.9338381674361887,0.3759432897480467
MIGS,hispanic,Hispanic (any race),2.7531939757987494,1000,2.214813626241612,0.5383803495571375
MIGS,asian,Asian alone,0.993761034870444,1000,0.8101357141181816,0.18362532075226234
MIGS,aian,Am. Indian/Alaska Native,21.719229878704503,1000,14.447046233107756,7.272183645596748
MIGS,nhpi,Nat. Hawaiian/Pac. Isl.,3.3106371588048846,1000,2.6946777482949935,0.6159594105098911
PAG,total_f,Total,9.701321044567079,1000,NA,NA
PAG,metro_f,Metropolitan,7.162563799242664,1000,6.512137902948696,0.6504258962939673
PAG,rural_f,Rural,22.550607216818868,1000,18.15051917549195,4.400088041326917
PAG,white_nh,"White, non-Hispanic",10.206197899713215,1000,8.649117767739364,1.5570801319738514
PAG,black,Black alone,2.8323592194815754,1000,2.167367647512132,0.6649915719694435
PAG,hispanic,Hispanic (any race),13.446628252167262,1000,12.561065366023222,0.8855628861440401
PAG,asian,Asian alone,4.071503745689765,1000,3.7405320930758585,0.3309716526139064
PAG,aian,Am. Indian/Alaska Native,39.75779064818449,1000,35.13070068644557,4.627089961738918
PAG,nhpi,Nat. Hawaiian/Pac. Isl.,17.028178924665184,1000,16.17596105348567,0.8522178711795156
CFP,total_f,Total,21.693393072175176,1000,NA,NA
CFP,metro_f,Metropolitan,18.029495659421464,1000,17.037312381045098,0.9921832783763662
CFP,rural_f,Rural,40.23729538853446,1000,34.48254490448166,5.754750484052806
CFP,white_nh,"White, non-Hispanic",22.65793448442987,1000,20.464405095219636,2.1935293892102337
CFP,black,Black alone,23.45560827101868,1000,22.575185678515716,0.8804225925029634
CFP,hispanic,Hispanic (any race),19.97317109505757,1000,18.7066479633637,1.2665231316938694
CFP,asian,Asian alone,9.650508711779535,1000,9.036605295312803,0.6139034164667319
CFP,aian,Am. Indian/Alaska Native,42.95235592554489,1000,37.3914297235636,5.560926201981296
CFP,nhpi,Nat. Hawaiian/Pac. Isl.,21.15062560815023,1000,20.14385649437512,1.006769113775107
